[
    {
        "Id":"1",
        "Name":"deepak",
        "email":"1d@gmail.com"
    },
    {
        "Id":"2",
        "Name":"deepak",
        "email":"2d@gmail.com"
    },  {
        "Id":"3",
        "Name":"deepak",
        "email":"3d@gmail.com"
    },  {
        "Id":"4",
        "Name":"deepak",
        "email":"4d@gmail.com"
    },  {
        "Id":"5",
        "Name":"deepak",
        "email":"5d@gmail.com"
    },  {
        "Id":"6",
        "Name":"deepak",
        "email":"6d@gmail.com"
    },  {
        "Id":"7",
        "Name":"deepak",
        "email":"d@gmail.com"
    },  {
        "Id":"8",
        "Name":"deepak",
        "email":"7d@gmail.com"
    },  {
        "Id":"9",
        "Name":"deepak",
        "email":"d@gmail.com"
    },  {
        "Id":"10",
        "Name":"deepak",
        "email":"8d@gmail.com"
    },  {
        "Id":"11",
        "Name":"deepak",
        "email":"d@gmail.com"
    },  {
        "Id":"12",
        "Name":"deepak",
        "email":"9d@gmail.com"
    },  {
        "Id":"13",
        "Name":"deepak",
        "email":"d@gmail.com"
    },  {
        "Id":"14",
        "Name":"deepak",
        "email":"d@gmail.com"
    },  {
        "Id":"15",
        "Name":"deepak",
        "email":"d@gmail.com"
    },  {
        "Id":"16",
        "Name":"deepak",
        "email":"d@gmail.com"
    },  {
        "Id":"17",
        "Name":"deepak",
        "email":"d@gmail.com"
    }
]